{"meta": {"format": 3, "version": "7.9.2", "timestamp": "2025-08-11T18:42:43.602223", "branch_coverage": false, "show_contexts": false}, "files": {"tests/test_fixes.py": {"executed_lines": [2, 7, 8, 9, 10, 11, 12, 13, 16, 27, 56, 58, 61, 62, 65, 66, 67, 75, 79, 80, 81, 83, 89, 97, 99, 102, 103, 104, 105, 109, 110, 111, 113, 116, 117, 121, 122, 123, 126, 134, 136, 137, 139, 140, 142, 145, 151, 155, 156, 160, 164, 168, 170, 178, 180, 181, 183, 184, 186, 189, 193, 194, 198, 199, 203, 204, 208, 209, 212, 220, 222, 223, 225, 228, 230, 231, 233, 236, 241, 245, 246, 250, 255, 259, 261, 269, 271, 274, 276, 277, 287, 288, 291, 296, 297, 306, 310, 311, 312, 315, 316, 319, 327, 329, 330, 332, 333, 336, 337, 344, 348, 349, 351, 354, 358, 360, 366, 368, 369, 371, 372, 374, 377, 382, 385, 389, 393, 397, 400, 401, 404, 405, 408, 414, 470], "summary": {"covered_lines": 134, "num_statements": 246, "percent_covered": 54.47154471544715, "percent_covered_display": "54", "missing_lines": 112, "excluded_lines": 0}, "missing_lines": [30, 32, 33, 35, 36, 37, 38, 39, 40, 42, 43, 44, 45, 46, 47, 48, 49, 50, 51, 52, 53, 63, 76, 82, 84, 87, 91, 92, 93, 94, 106, 118, 124, 128, 129, 130, 131, 152, 157, 161, 165, 172, 173, 174, 175, 190, 195, 200, 205, 210, 214, 215, 216, 217, 226, 242, 247, 256, 263, 264, 265, 266, 289, 307, 313, 317, 321, 322, 323, 324, 345, 352, 355, 362, 363, 383, 386, 394, 406, 410, 411, 416, 417, 418, 421, 432, 433, 436, 437, 438, 439, 440, 441, 442, 444, 445, 446, 447, 449, 450, 451, 452, 455, 456, 457, 459, 462, 463, 464, 466, 467, 471], "excluded_lines": [], "functions": {"run_test": {"executed_lines": [], "summary": {"covered_lines": 0, "num_statements": 21, "percent_covered": 0.0, "percent_covered_display": "0", "missing_lines": 21, "excluded_lines": 0}, "missing_lines": [30, 32, 33, 35, 36, 37, 38, 39, 40, 42, 43, 44, 45, 46, 47, 48, 49, 50, 51, 52, 53], "excluded_lines": []}, "test_hook_json_compliance": {"executed_lines": [58, 61, 62, 65, 66, 67, 75, 79, 80, 81, 83, 89], "summary": {"covered_lines": 12, "num_statements": 21, "percent_covered": 57.142857142857146, "percent_covered_display": "57", "missing_lines": 9, "excluded_lines": 0}, "missing_lines": [63, 76, 82, 84, 87, 91, 92, 93, 94], "excluded_lines": []}, "test_secure_command_execution": {"executed_lines": [99, 102, 103, 104, 105, 109, 110, 111, 113, 116, 117, 121, 122, 123, 126], "summary": {"covered_lines": 15, "num_statements": 22, "percent_covered": 68.18181818181819, "percent_covered_display": "68", "missing_lines": 7, "excluded_lines": 0}, "missing_lines": [106, 118, 124, 128, 129, 130, 131], "excluded_lines": []}, "test_state_management": {"executed_lines": [136, 137, 139, 140, 142, 145, 151, 155, 156, 160, 164, 168, 170], "summary": {"covered_lines": 13, "num_statements": 21, "percent_covered": 61.904761904761905, "percent_covered_display": "62", "missing_lines": 8, "excluded_lines": 0}, "missing_lines": [152, 157, 161, 165, 172, 173, 174, 175], "excluded_lines": []}, "test_agent_chaining": {"executed_lines": [180, 181, 183, 184, 186, 189, 193, 194, 198, 199, 203, 204, 208, 209, 212], "summary": {"covered_lines": 15, "num_statements": 24, "percent_covered": 62.5, "percent_covered_display": "62", "missing_lines": 9, "excluded_lines": 0}, "missing_lines": [190, 195, 200, 205, 210, 214, 215, 216, 217], "excluded_lines": []}, "test_pipeline_orchestration": {"executed_lines": [222, 223, 225, 228, 230, 231, 233, 236, 241, 245, 246, 250, 255, 259, 261], "summary": {"covered_lines": 15, "num_statements": 23, "percent_covered": 65.21739130434783, "percent_covered_display": "65", "missing_lines": 8, "excluded_lines": 0}, "missing_lines": [226, 242, 247, 256, 263, 264, 265, 266], "excluded_lines": []}, "test_quality_gates_integration": {"executed_lines": [271, 274, 276, 277, 287, 288, 291, 296, 297, 306, 310, 311, 312, 315, 316, 319], "summary": {"covered_lines": 16, "num_statements": 24, "percent_covered": 66.66666666666667, "percent_covered_display": "67", "missing_lines": 8, "excluded_lines": 0}, "missing_lines": [289, 307, 313, 317, 321, 322, 323, 324], "excluded_lines": []}, "test_hook_communication": {"executed_lines": [329, 330, 332, 333, 336, 337, 344, 348, 349, 351, 354, 358, 360], "summary": {"covered_lines": 13, "num_statements": 18, "percent_covered": 72.22222222222223, "percent_covered_display": "72", "missing_lines": 5, "excluded_lines": 0}, "missing_lines": [345, 352, 355, 362, 363], "excluded_lines": []}, "test_error_handling": {"executed_lines": [368, 369, 371, 372, 374, 377, 382, 385, 389, 393, 397, 400, 401, 404, 405, 408], "summary": {"covered_lines": 16, "num_statements": 22, "percent_covered": 72.72727272727273, "percent_covered_display": "73", "missing_lines": 6, "excluded_lines": 0}, "missing_lines": [383, 386, 394, 406, 410, 411], "excluded_lines": []}, "run_all_tests": {"executed_lines": [], "summary": {"covered_lines": 0, "num_statements": 30, "percent_covered": 0.0, "percent_covered_display": "0", "missing_lines": 30, "excluded_lines": 0}, "missing_lines": [416, 417, 418, 421, 432, 433, 436, 437, 438, 439, 440, 441, 442, 444, 445, 446, 447, 449, 450, 451, 452, 455, 456, 457, 459, 462, 463, 464, 466, 467], "excluded_lines": []}, "": {"executed_lines": [2, 7, 8, 9, 10, 11, 12, 13, 16, 27, 56, 97, 134, 178, 220, 269, 327, 366, 414, 470], "summary": {"covered_lines": 19, "num_statements": 20, "percent_covered": 95.0, "percent_covered_display": "95", "missing_lines": 1, "excluded_lines": 0}, "missing_lines": [471], "excluded_lines": []}}, "classes": {"": {"executed_lines": [2, 7, 8, 9, 10, 11, 12, 13, 16, 27, 56, 58, 61, 62, 65, 66, 67, 75, 79, 80, 81, 83, 89, 97, 99, 102, 103, 104, 105, 109, 110, 111, 113, 116, 117, 121, 122, 123, 126, 134, 136, 137, 139, 140, 142, 145, 151, 155, 156, 160, 164, 168, 170, 178, 180, 181, 183, 184, 186, 189, 193, 194, 198, 199, 203, 204, 208, 209, 212, 220, 222, 223, 225, 228, 230, 231, 233, 236, 241, 245, 246, 250, 255, 259, 261, 269, 271, 274, 276, 277, 287, 288, 291, 296, 297, 306, 310, 311, 312, 315, 316, 319, 327, 329, 330, 332, 333, 336, 337, 344, 348, 349, 351, 354, 358, 360, 366, 368, 369, 371, 372, 374, 377, 382, 385, 389, 393, 397, 400, 401, 404, 405, 408, 414, 470], "summary": {"covered_lines": 134, "num_statements": 246, "percent_covered": 54.47154471544715, "percent_covered_display": "54", "missing_lines": 112, "excluded_lines": 0}, "missing_lines": [30, 32, 33, 35, 36, 37, 38, 39, 40, 42, 43, 44, 45, 46, 47, 48, 49, 50, 51, 52, 53, 63, 76, 82, 84, 87, 91, 92, 93, 94, 106, 118, 124, 128, 129, 130, 131, 152, 157, 161, 165, 172, 173, 174, 175, 190, 195, 200, 205, 210, 214, 215, 216, 217, 226, 242, 247, 256, 263, 264, 265, 266, 289, 307, 313, 317, 321, 322, 323, 324, 345, 352, 355, 362, 363, 383, 386, 394, 406, 410, 411, 416, 417, 418, 421, 432, 433, 436, 437, 438, 439, 440, 441, 442, 444, 445, 446, 447, 449, 450, 451, 452, 455, 456, 457, 459, 462, 463, 464, 466, 467, 471], "excluded_lines": []}}}}, "totals": {"covered_lines": 134, "num_statements": 246, "percent_covered": 54.47154471544715, "percent_covered_display": "54", "missing_lines": 112, "excluded_lines": 0}}